PRAGMA foreign_keys=OFF;
BEGIN TRANSACTION;
CREATE TABLE IF NOT EXISTS "django_migrations" ("id" integer NOT NULL PRIMARY KEY AUTOINCREMENT, "app" varchar(255) NOT NULL, "name" varchar(255) NOT NULL, "applied" datetime NOT NULL);
INSERT INTO django_migrations VALUES(1,'contenttypes','0001_initial','2023-10-04 13:32:37.686204');
INSERT INTO django_migrations VALUES(2,'auth','0001_initial','2023-10-04 13:32:37.691557');
INSERT INTO django_migrations VALUES(3,'admin','0001_initial','2023-10-04 13:32:37.694795');
INSERT INTO django_migrations VALUES(4,'admin','0002_logentry_remove_auto_add','2023-10-04 13:32:37.698386');
INSERT INTO django_migrations VALUES(5,'admin','0003_logentry_add_action_flag_choices','2023-10-04 13:32:37.700954');
INSERT INTO django_migrations VALUES(6,'contenttypes','0002_remove_content_type_name','2023-10-04 13:32:37.708173');
INSERT INTO django_migrations VALUES(7,'auth','0002_alter_permission_name_max_length','2023-10-04 13:32:37.712591');
INSERT INTO django_migrations VALUES(8,'auth','0003_alter_user_email_max_length','2023-10-04 13:32:37.716858');
INSERT INTO django_migrations VALUES(9,'auth','0004_alter_user_username_opts','2023-10-04 13:32:37.719434');
INSERT INTO django_migrations VALUES(10,'auth','0005_alter_user_last_login_null','2023-10-04 13:32:37.723247');
INSERT INTO django_migrations VALUES(11,'auth','0006_require_contenttypes_0002','2023-10-04 13:32:37.723934');
INSERT INTO django_migrations VALUES(12,'auth','0007_alter_validators_add_error_messages','2023-10-04 13:32:37.726649');
INSERT INTO django_migrations VALUES(13,'auth','0008_alter_user_username_max_length','2023-10-04 13:32:37.731771');
INSERT INTO django_migrations VALUES(14,'auth','0009_alter_user_last_name_max_length','2023-10-04 13:32:37.735721');
INSERT INTO django_migrations VALUES(15,'auth','0010_alter_group_name_max_length','2023-10-04 13:32:37.739136');
INSERT INTO django_migrations VALUES(16,'auth','0011_update_proxy_permissions','2023-10-04 13:32:37.741432');
INSERT INTO django_migrations VALUES(17,'auth','0012_alter_user_first_name_max_length','2023-10-04 13:32:37.745273');
INSERT INTO django_migrations VALUES(18,'sessions','0001_initial','2023-10-04 13:32:37.746678');
INSERT INTO django_migrations VALUES(19,'CLLeMensAPI','0001_initial','2023-10-07 20:58:15.366075');
INSERT INTO django_migrations VALUES(20,'CLLeMensAPI','0002_alter_uploadedfile_md5_hash','2023-10-08 22:54:59.379882');
INSERT INTO django_migrations VALUES(21,'CLLeMensAPI','0003_openaitoken','2023-10-11 11:57:37.970214');
INSERT INTO django_migrations VALUES(22,'CLLeMensAPI','0004_approvedfiletyps','2023-10-18 15:47:33.695258');
CREATE TABLE IF NOT EXISTS "auth_group_permissions" ("id" integer NOT NULL PRIMARY KEY AUTOINCREMENT, "group_id" integer NOT NULL REFERENCES "auth_group" ("id") DEFERRABLE INITIALLY DEFERRED, "permission_id" integer NOT NULL REFERENCES "auth_permission" ("id") DEFERRABLE INITIALLY DEFERRED);
CREATE TABLE IF NOT EXISTS "auth_user_groups" ("id" integer NOT NULL PRIMARY KEY AUTOINCREMENT, "user_id" integer NOT NULL REFERENCES "auth_user" ("id") DEFERRABLE INITIALLY DEFERRED, "group_id" integer NOT NULL REFERENCES "auth_group" ("id") DEFERRABLE INITIALLY DEFERRED);
CREATE TABLE IF NOT EXISTS "auth_user_user_permissions" ("id" integer NOT NULL PRIMARY KEY AUTOINCREMENT, "user_id" integer NOT NULL REFERENCES "auth_user" ("id") DEFERRABLE INITIALLY DEFERRED, "permission_id" integer NOT NULL REFERENCES "auth_permission" ("id") DEFERRABLE INITIALLY DEFERRED);
CREATE TABLE IF NOT EXISTS "django_admin_log" ("id" integer NOT NULL PRIMARY KEY AUTOINCREMENT, "object_id" text NULL, "object_repr" varchar(200) NOT NULL, "action_flag" smallint unsigned NOT NULL CHECK ("action_flag" >= 0), "change_message" text NOT NULL, "content_type_id" integer NULL REFERENCES "django_content_type" ("id") DEFERRABLE INITIALLY DEFERRED, "user_id" integer NOT NULL REFERENCES "auth_user" ("id") DEFERRABLE INITIALLY DEFERRED, "action_time" datetime NOT NULL);
INSERT INTO django_admin_log VALUES(1,'31','UploadedFile object (31)',3,'',7,1,'2023-10-08 11:03:25.194665');
INSERT INTO django_admin_log VALUES(2,'30','UploadedFile object (30)',3,'',7,1,'2023-10-08 11:03:25.199399');
INSERT INTO django_admin_log VALUES(3,'29','UploadedFile object (29)',3,'',7,1,'2023-10-08 11:03:25.200466');
INSERT INTO django_admin_log VALUES(4,'28','UploadedFile object (28)',3,'',7,1,'2023-10-08 11:03:25.201690');
INSERT INTO django_admin_log VALUES(5,'27','UploadedFile object (27)',3,'',7,1,'2023-10-08 11:03:25.203119');
INSERT INTO django_admin_log VALUES(6,'26','UploadedFile object (26)',3,'',7,1,'2023-10-08 11:03:25.204336');
INSERT INTO django_admin_log VALUES(7,'25','UploadedFile object (25)',3,'',7,1,'2023-10-08 11:03:25.205532');
INSERT INTO django_admin_log VALUES(8,'24','UploadedFile object (24)',3,'',7,1,'2023-10-08 11:03:25.206862');
INSERT INTO django_admin_log VALUES(9,'23','UploadedFile object (23)',3,'',7,1,'2023-10-08 11:03:25.208370');
INSERT INTO django_admin_log VALUES(10,'22','UploadedFile object (22)',3,'',7,1,'2023-10-08 11:03:25.209618');
INSERT INTO django_admin_log VALUES(11,'21','UploadedFile object (21)',3,'',7,1,'2023-10-08 11:03:25.210453');
INSERT INTO django_admin_log VALUES(12,'20','UploadedFile object (20)',3,'',7,1,'2023-10-08 11:03:25.211320');
INSERT INTO django_admin_log VALUES(13,'19','UploadedFile object (19)',3,'',7,1,'2023-10-08 11:03:25.212232');
INSERT INTO django_admin_log VALUES(14,'18','UploadedFile object (18)',3,'',7,1,'2023-10-08 11:03:25.213133');
INSERT INTO django_admin_log VALUES(15,'17','UploadedFile object (17)',3,'',7,1,'2023-10-08 11:03:25.213995');
INSERT INTO django_admin_log VALUES(16,'16','UploadedFile object (16)',3,'',7,1,'2023-10-08 11:03:25.214805');
INSERT INTO django_admin_log VALUES(17,'15','UploadedFile object (15)',3,'',7,1,'2023-10-08 11:03:25.215594');
INSERT INTO django_admin_log VALUES(18,'14','UploadedFile object (14)',3,'',7,1,'2023-10-08 11:03:25.216265');
INSERT INTO django_admin_log VALUES(19,'13','UploadedFile object (13)',3,'',7,1,'2023-10-08 11:03:25.216960');
INSERT INTO django_admin_log VALUES(20,'12','UploadedFile object (12)',3,'',7,1,'2023-10-08 11:03:25.217719');
INSERT INTO django_admin_log VALUES(21,'11','UploadedFile object (11)',3,'',7,1,'2023-10-08 11:03:25.218389');
INSERT INTO django_admin_log VALUES(22,'10','UploadedFile object (10)',3,'',7,1,'2023-10-08 11:03:25.219058');
INSERT INTO django_admin_log VALUES(23,'9','UploadedFile object (9)',3,'',7,1,'2023-10-08 11:03:25.219763');
INSERT INTO django_admin_log VALUES(24,'8','UploadedFile object (8)',3,'',7,1,'2023-10-08 11:03:25.220437');
INSERT INTO django_admin_log VALUES(25,'7','UploadedFile object (7)',3,'',7,1,'2023-10-08 11:03:25.221147');
INSERT INTO django_admin_log VALUES(26,'6','UploadedFile object (6)',3,'',7,1,'2023-10-08 11:03:25.221929');
INSERT INTO django_admin_log VALUES(27,'5','UploadedFile object (5)',3,'',7,1,'2023-10-08 11:03:25.222637');
INSERT INTO django_admin_log VALUES(28,'4','UploadedFile object (4)',3,'',7,1,'2023-10-08 11:03:25.223396');
INSERT INTO django_admin_log VALUES(29,'3','UploadedFile object (3)',3,'',7,1,'2023-10-08 11:03:25.224126');
INSERT INTO django_admin_log VALUES(30,'2','UploadedFile object (2)',3,'',7,1,'2023-10-08 11:03:25.224859');
INSERT INTO django_admin_log VALUES(31,'1','UploadedFile object (1)',3,'',7,1,'2023-10-08 11:03:25.225533');
INSERT INTO django_admin_log VALUES(32,'34','UploadedFile object (34)',3,'',7,1,'2023-10-08 11:06:09.372101');
INSERT INTO django_admin_log VALUES(33,'33','UploadedFile object (33)',3,'',7,1,'2023-10-08 11:06:09.375817');
INSERT INTO django_admin_log VALUES(34,'32','UploadedFile object (32)',3,'',7,1,'2023-10-08 11:06:09.378101');
INSERT INTO django_admin_log VALUES(35,'37','UploadedFile object (37)',3,'',7,1,'2023-10-08 11:08:38.443294');
INSERT INTO django_admin_log VALUES(36,'36','UploadedFile object (36)',3,'',7,1,'2023-10-08 11:08:42.407347');
INSERT INTO django_admin_log VALUES(37,'35','UploadedFile object (35)',3,'',7,1,'2023-10-08 11:08:42.411612');
INSERT INTO django_admin_log VALUES(38,'40','UploadedFile object (40)',3,'',7,1,'2023-10-08 11:18:20.071490');
INSERT INTO django_admin_log VALUES(39,'39','UploadedFile object (39)',3,'',7,1,'2023-10-08 11:18:20.077004');
INSERT INTO django_admin_log VALUES(40,'38','UploadedFile object (38)',3,'',7,1,'2023-10-08 11:18:20.078975');
INSERT INTO django_admin_log VALUES(41,'43','UploadedFile object (43)',3,'',7,1,'2023-10-08 11:20:13.452485');
INSERT INTO django_admin_log VALUES(42,'42','UploadedFile object (42)',3,'',7,1,'2023-10-08 11:20:13.458203');
INSERT INTO django_admin_log VALUES(43,'41','UploadedFile object (41)',3,'',7,1,'2023-10-08 11:20:13.459437');
INSERT INTO django_admin_log VALUES(44,'46','UploadedFile object (46)',3,'',7,1,'2023-10-08 11:22:13.656714');
INSERT INTO django_admin_log VALUES(45,'45','UploadedFile object (45)',3,'',7,1,'2023-10-08 11:22:13.659176');
INSERT INTO django_admin_log VALUES(46,'44','UploadedFile object (44)',3,'',7,1,'2023-10-08 11:22:13.661053');
INSERT INTO django_admin_log VALUES(47,'1','OpenAIToken object (1)',3,'',8,1,'2023-10-11 22:18:02.862839');
INSERT INTO django_admin_log VALUES(48,'1','OpenAIToken object (1)',3,'',8,1,'2023-10-13 17:29:38.838402');
INSERT INTO django_admin_log VALUES(49,'1','ApprovedFileTyps object (1)',1,'[{"added": {}}]',9,1,'2023-10-18 15:50:06.498239');
INSERT INTO django_admin_log VALUES(50,'2','ApprovedFileTyps object (2)',1,'[{"added": {}}]',9,1,'2023-10-18 15:50:15.024844');
INSERT INTO django_admin_log VALUES(51,'3','ApprovedFileTyps object (3)',1,'[{"added": {}}]',9,1,'2023-10-18 15:50:26.618315');
INSERT INTO django_admin_log VALUES(52,'4','ApprovedFileTyps object (4)',1,'[{"added": {}}]',9,1,'2023-10-18 15:50:38.874342');
INSERT INTO django_admin_log VALUES(53,'5','ApprovedFileTyps object (5)',1,'[{"added": {}}]',9,1,'2023-10-18 15:50:44.516007');
INSERT INTO django_admin_log VALUES(54,'6','ApprovedFileTyps object (6)',1,'[{"added": {}}]',9,1,'2023-10-18 15:50:51.057208');
INSERT INTO django_admin_log VALUES(55,'7','ApprovedFileTyps object (7)',1,'[{"added": {}}]',9,1,'2023-10-18 15:50:57.754003');
INSERT INTO django_admin_log VALUES(56,'8','ApprovedFileTyps object (8)',1,'[{"added": {}}]',9,1,'2023-10-18 15:51:02.189228');
INSERT INTO django_admin_log VALUES(57,'9','ApprovedFileTyps object (9)',1,'[{"added": {}}]',9,1,'2023-10-18 15:51:05.542655');
INSERT INTO django_admin_log VALUES(58,'1','ApprovedFileTyps object (1)',2,'[{"changed": {"fields": ["Filetype"]}}]',9,1,'2023-10-18 15:51:19.242348');
INSERT INTO django_admin_log VALUES(59,'2','ApprovedFileTyps object (2)',2,'[{"changed": {"fields": ["Filetype"]}}]',9,1,'2023-10-18 15:51:23.303072');
INSERT INTO django_admin_log VALUES(60,'3','ApprovedFileTyps object (3)',2,'[{"changed": {"fields": ["Filetype"]}}]',9,1,'2023-10-18 15:51:28.901724');
INSERT INTO django_admin_log VALUES(61,'5','ApprovedFileTyps object (5)',2,'[]',9,1,'2023-10-18 15:51:31.569440');
INSERT INTO django_admin_log VALUES(62,'3','ApprovedFileTyps object (3)',2,'[{"changed": {"fields": ["Filetype"]}}]',9,1,'2023-10-18 16:20:40.878276');
CREATE TABLE IF NOT EXISTS "django_content_type" ("id" integer NOT NULL PRIMARY KEY AUTOINCREMENT, "app_label" varchar(100) NOT NULL, "model" varchar(100) NOT NULL);
INSERT INTO django_content_type VALUES(1,'admin','logentry');
INSERT INTO django_content_type VALUES(2,'auth','permission');
INSERT INTO django_content_type VALUES(3,'auth','group');
INSERT INTO django_content_type VALUES(4,'auth','user');
INSERT INTO django_content_type VALUES(5,'contenttypes','contenttype');
INSERT INTO django_content_type VALUES(6,'sessions','session');
INSERT INTO django_content_type VALUES(7,'CLLeMensAPI','uploadedfile');
INSERT INTO django_content_type VALUES(8,'CLLeMensAPI','openaitoken');
INSERT INTO django_content_type VALUES(9,'CLLeMensAPI','approvedfiletyps');
CREATE TABLE IF NOT EXISTS "auth_permission" ("id" integer NOT NULL PRIMARY KEY AUTOINCREMENT, "content_type_id" integer NOT NULL REFERENCES "django_content_type" ("id") DEFERRABLE INITIALLY DEFERRED, "codename" varchar(100) NOT NULL, "name" varchar(255) NOT NULL);
INSERT INTO auth_permission VALUES(1,1,'add_logentry','Can add log entry');
INSERT INTO auth_permission VALUES(2,1,'change_logentry','Can change log entry');
INSERT INTO auth_permission VALUES(3,1,'delete_logentry','Can delete log entry');
INSERT INTO auth_permission VALUES(4,1,'view_logentry','Can view log entry');
INSERT INTO auth_permission VALUES(5,2,'add_permission','Can add permission');
INSERT INTO auth_permission VALUES(6,2,'change_permission','Can change permission');
INSERT INTO auth_permission VALUES(7,2,'delete_permission','Can delete permission');
INSERT INTO auth_permission VALUES(8,2,'view_permission','Can view permission');
INSERT INTO auth_permission VALUES(9,3,'add_group','Can add group');
INSERT INTO auth_permission VALUES(10,3,'change_group','Can change group');
INSERT INTO auth_permission VALUES(11,3,'delete_group','Can delete group');
INSERT INTO auth_permission VALUES(12,3,'view_group','Can view group');
INSERT INTO auth_permission VALUES(13,4,'add_user','Can add user');
INSERT INTO auth_permission VALUES(14,4,'change_user','Can change user');
INSERT INTO auth_permission VALUES(15,4,'delete_user','Can delete user');
INSERT INTO auth_permission VALUES(16,4,'view_user','Can view user');
INSERT INTO auth_permission VALUES(17,5,'add_contenttype','Can add content type');
INSERT INTO auth_permission VALUES(18,5,'change_contenttype','Can change content type');
INSERT INTO auth_permission VALUES(19,5,'delete_contenttype','Can delete content type');
INSERT INTO auth_permission VALUES(20,5,'view_contenttype','Can view content type');
INSERT INTO auth_permission VALUES(21,6,'add_session','Can add session');
INSERT INTO auth_permission VALUES(22,6,'change_session','Can change session');
INSERT INTO auth_permission VALUES(23,6,'delete_session','Can delete session');
INSERT INTO auth_permission VALUES(24,6,'view_session','Can view session');
INSERT INTO auth_permission VALUES(25,7,'add_uploadedfile','Can add uploaded file');
INSERT INTO auth_permission VALUES(26,7,'change_uploadedfile','Can change uploaded file');
INSERT INTO auth_permission VALUES(27,7,'delete_uploadedfile','Can delete uploaded file');
INSERT INTO auth_permission VALUES(28,7,'view_uploadedfile','Can view uploaded file');
INSERT INTO auth_permission VALUES(29,8,'add_openaitoken','Can add open ai token');
INSERT INTO auth_permission VALUES(30,8,'change_openaitoken','Can change open ai token');
INSERT INTO auth_permission VALUES(31,8,'delete_openaitoken','Can delete open ai token');
INSERT INTO auth_permission VALUES(32,8,'view_openaitoken','Can view open ai token');
INSERT INTO auth_permission VALUES(33,9,'add_approvedfiletyps','Can add approved file typs');
INSERT INTO auth_permission VALUES(34,9,'change_approvedfiletyps','Can change approved file typs');
INSERT INTO auth_permission VALUES(35,9,'delete_approvedfiletyps','Can delete approved file typs');
INSERT INTO auth_permission VALUES(36,9,'view_approvedfiletyps','Can view approved file typs');
CREATE TABLE IF NOT EXISTS "auth_group" ("id" integer NOT NULL PRIMARY KEY AUTOINCREMENT, "name" varchar(150) NOT NULL UNIQUE);
CREATE TABLE IF NOT EXISTS "auth_user" ("id" integer NOT NULL PRIMARY KEY AUTOINCREMENT, "password" varchar(128) NOT NULL, "last_login" datetime NULL, "is_superuser" bool NOT NULL, "username" varchar(150) NOT NULL UNIQUE, "last_name" varchar(150) NOT NULL, "email" varchar(254) NOT NULL, "is_staff" bool NOT NULL, "is_active" bool NOT NULL, "date_joined" datetime NOT NULL, "first_name" varchar(150) NOT NULL);
INSERT INTO auth_user VALUES(1,'pbkdf2_sha256$600000$XbbVPoeBEryJgJfXq68zvx$Q0Sqv6lBzmc4rBVmAqgHdpbj0d1nKqT/j90uxGQ+g9w=','2023-10-18 15:38:05.390298',1,'HRW','','admin@hrw.de',1,1,'2023-10-07 20:54:24.480723','');
CREATE TABLE IF NOT EXISTS "django_session" ("session_key" varchar(40) NOT NULL PRIMARY KEY, "session_data" text NOT NULL, "expire_date" datetime NOT NULL);
INSERT INTO django_session VALUES('6asp8b9ivn8locnnu12dpsx9dgdvvtw5','.eJxVjEEOwiAQRe_C2hBGKBSX7nsGMjOAVA0kpV0Z765NutDtf-_9lwi4rSVsPS1hjuIiQJx-N0J-pLqDeMd6a5JbXZeZ5K7Ig3Y5tZie18P9OyjYy7dWHhQ4xVbTiJits47RGc-JKKsBDLiccTBArEjnMWvw4M-QomWXEMX7A9paOCI:1qpEJy:cA6mnzSjLTqiPtJVrRYfQ1a3aUZaZR2lj0yMbJD8oyM','2023-10-21 20:54:46.030589');
INSERT INTO django_session VALUES('5j118qd1w6p58aq7b0ix8jt6fagqp35n','.eJxVjEEOwiAQRe_C2hBGKBSX7nsGMjOAVA0kpV0Z765NutDtf-_9lwi4rSVsPS1hjuIiQJx-N0J-pLqDeMd6a5JbXZeZ5K7Ig3Y5tZie18P9OyjYy7dWHhQ4xVbTiJits47RGc-JKKsBDLiccTBArEjnMWvw4M-QomWXEMX7A9paOCI:1qpucv:-ebcbTeHMu93SBPcPS7QQ1_t2jXBjKt4SnRDSBiEyFM','2023-10-23 18:05:09.575253');
INSERT INTO django_session VALUES('9zb5re23w97ekzmpozvspkhc8a4kkydl','.eJxVjEEOwiAQRe_C2hBGKBSX7nsGMjOAVA0kpV0Z765NutDtf-_9lwi4rSVsPS1hjuIiQJx-N0J-pLqDeMd6a5JbXZeZ5K7Ig3Y5tZie18P9OyjYy7dWHhQ4xVbTiJits47RGc-JKKsBDLiccTBArEjnMWvw4M-QomWXEMX7A9paOCI:1qt8cX:4vMrtz4iHHyyvADqI2UUE98IvuTMkIKdz5afADzwAGE','2023-11-01 15:38:05.391410');
CREATE TABLE IF NOT EXISTS "CLLeMensAPI_uploadedfile" ("id" integer NOT NULL PRIMARY KEY AUTOINCREMENT, "filename" varchar(255) NOT NULL, "file_type" varchar(50) NOT NULL, "md5_hash" varchar(32) NOT NULL, "file" varchar(100) NOT NULL);
CREATE TABLE IF NOT EXISTS "CLLeMensAPI_openaitoken" ("id" integer NOT NULL PRIMARY KEY AUTOINCREMENT, "filename" varchar(55) NOT NULL);
CREATE TABLE IF NOT EXISTS "CLLeMensAPI_approvedfiletyps" ("id" integer NOT NULL PRIMARY KEY AUTOINCREMENT, "filetype" varchar(55) NOT NULL);
INSERT INTO CLLeMensAPI_approvedfiletyps VALUES(1,'docx');
INSERT INTO CLLeMensAPI_approvedfiletyps VALUES(2,'txt');
INSERT INTO CLLeMensAPI_approvedfiletyps VALUES(3,'md');
INSERT INTO CLLeMensAPI_approvedfiletyps VALUES(4,'mp3');
INSERT INTO CLLeMensAPI_approvedfiletyps VALUES(5,'wav');
INSERT INTO CLLeMensAPI_approvedfiletyps VALUES(6,'pdf');
INSERT INTO CLLeMensAPI_approvedfiletyps VALUES(7,'mp4');
INSERT INTO CLLeMensAPI_approvedfiletyps VALUES(8,'mov');
INSERT INTO CLLeMensAPI_approvedfiletyps VALUES(9,'wmv');
DELETE FROM sqlite_sequence;
INSERT INTO sqlite_sequence VALUES('django_migrations',22);
INSERT INTO sqlite_sequence VALUES('django_admin_log',62);
INSERT INTO sqlite_sequence VALUES('django_content_type',9);
INSERT INTO sqlite_sequence VALUES('auth_permission',36);
INSERT INTO sqlite_sequence VALUES('auth_group',0);
INSERT INTO sqlite_sequence VALUES('auth_user',1);
INSERT INTO sqlite_sequence VALUES('CLLeMensAPI_uploadedfile',159);
INSERT INTO sqlite_sequence VALUES('CLLeMensAPI_openaitoken',1);
INSERT INTO sqlite_sequence VALUES('CLLeMensAPI_approvedfiletyps',9);
CREATE UNIQUE INDEX "auth_group_permissions_group_id_permission_id_0cd325b0_uniq" ON "auth_group_permissions" ("group_id", "permission_id");
CREATE INDEX "auth_group_permissions_group_id_b120cbf9" ON "auth_group_permissions" ("group_id");
CREATE INDEX "auth_group_permissions_permission_id_84c5c92e" ON "auth_group_permissions" ("permission_id");
CREATE UNIQUE INDEX "auth_user_groups_user_id_group_id_94350c0c_uniq" ON "auth_user_groups" ("user_id", "group_id");
CREATE INDEX "auth_user_groups_user_id_6a12ed8b" ON "auth_user_groups" ("user_id");
CREATE INDEX "auth_user_groups_group_id_97559544" ON "auth_user_groups" ("group_id");
CREATE UNIQUE INDEX "auth_user_user_permissions_user_id_permission_id_14a6b632_uniq" ON "auth_user_user_permissions" ("user_id", "permission_id");
CREATE INDEX "auth_user_user_permissions_user_id_a95ead1b" ON "auth_user_user_permissions" ("user_id");
CREATE INDEX "auth_user_user_permissions_permission_id_1fbb5f2c" ON "auth_user_user_permissions" ("permission_id");
CREATE INDEX "django_admin_log_content_type_id_c4bce8eb" ON "django_admin_log" ("content_type_id");
CREATE INDEX "django_admin_log_user_id_c564eba6" ON "django_admin_log" ("user_id");
CREATE UNIQUE INDEX "django_content_type_app_label_model_76bd3d3b_uniq" ON "django_content_type" ("app_label", "model");
CREATE UNIQUE INDEX "auth_permission_content_type_id_codename_01ab375a_uniq" ON "auth_permission" ("content_type_id", "codename");
CREATE INDEX "auth_permission_content_type_id_2f476e4b" ON "auth_permission" ("content_type_id");
CREATE INDEX "django_session_expire_date_a5c62663" ON "django_session" ("expire_date");
COMMIT;
